ERA/Clim Combo,Set1,Set2,Set3,Set4,Set5
ERA5,0.75476352663324,0.7140325727208199,0.7726045260124551,0.7377639297147458,0.7575340527825277
wclim0,0.27837641571538385,0.2980798650504966,0.27716050308230283,0.30264267841546727,0.36119930391783317
wclim1,0.5097333001266909,0.4974857898024643,0.5192535808510592,0.5060965237674281,0.5287335073105791
woclimJ,0.41789867969058464,0.41989032968330003,0.43077829178340515,0.44174151764432235,0.46393191882866136
woclimJF,0.5707269826651339,0.5537180563959895,0.5960615011721635,0.5958692478059202,0.603403155278401
woclimJFM,0.7405738270995471,0.7134902817368194,0.7407123782079695,0.7227132079711122,0.7361333879177873
woclimJFMA,0.7566008869746749,0.7451037436293659,0.7723117203169022,0.7626384756230251,0.7792952420404908
woclimMYJEJYAG,0.2508667857855133,0.2740550780850783,0.2551630849907862,0.265197959207543,0.3100183390071637
wclimJFMA,0.2508667857855133,0.2740550780850783,0.2551630849907862,0.265197959207543,0.3100183390071637
