ERA/Clim Combo,Set1,Set2,Set3,Set4,Set5
ERA5,0.7485643648573945,0.7019388663726109,0.7621528495510577,0.7316898409699318,0.7489027827508725
wclim0,0.27609375929815894,0.2942049139373446,0.27257319746836606,0.30218295045140575,0.35762283476586165
wclim1,0.505557986407973,0.49464495598383584,0.5118619001947329,0.4977047462132239,0.5187249979608588
woclimJ,0.41323729512773244,0.4141912454544402,0.428247894829909,0.44101055443432147,0.4634086499707558
woclimJF,0.5519991340303301,0.5310685822049355,0.5883271031667379,0.5906330072297638,0.5937434076868578
woclimJFM,0.7391685750755841,0.7120828497515532,0.7372016284330374,0.7216167474456323,0.7343921887850158
woclimJFMA,0.7539893503154239,0.7434364896604879,0.766360756073719,0.7611972881836794,0.7764946663879253
woclimMYJEJYAG,0.23312580304648267,0.24864234693124343,0.23485550111102105,0.2514427604562194,0.30353038787965314
wclimJFMA,0.23312580304648267,0.24864234693124343,0.23485550111102105,0.2514427604562194,0.30353038787965314
